round,seed,strategy,count,percentage
1,10,coop,88167,0.36
1,10,defect,58903,0.24
1,10,exploitation,97930,0.4
2,10,coop,88271,0.36
2,10,defect,58807,0.24
2,10,exploitation,97922,0.4
3,10,coop,93240,0.38
3,10,defect,54247,0.22
3,10,exploitation,97513,0.4
4,10,coop,89749,0.37
4,10,defect,57361,0.23
4,10,exploitation,97890,0.4
5,10,coop,92613,0.38
5,10,defect,55254,0.23
5,10,exploitation,97133,0.4
6,10,coop,94262,0.38
6,10,defect,53356,0.22
6,10,exploitation,97382,0.4
7,10,coop,99830,0.41
7,10,defect,48819,0.2
7,10,exploitation,96351,0.39
8,10,coop,102242,0.42
8,10,defect,47130,0.19
8,10,exploitation,95628,0.39
9,10,coop,100437,0.41
9,10,defect,49220,0.2
9,10,exploitation,95343,0.39
10,10,coop,97646,0.4
10,10,defect,50653,0.21
10,10,exploitation,96701,0.39
11,10,coop,97638,0.4
11,10,defect,50943,0.21
11,10,exploitation,96419,0.39
12,10,coop,97292,0.4
12,10,defect,51360,0.21
12,10,exploitation,96348,0.39
13,10,coop,95935,0.39
13,10,defect,51355,0.21
13,10,exploitation,97710,0.4
14,10,coop,99306,0.41
14,10,defect,48548,0.2
14,10,exploitation,97146,0.4
15,10,coop,99262,0.41
15,10,defect,48974,0.2
15,10,exploitation,96764,0.39
16,10,coop,98784,0.4
16,10,defect,49130,0.2
16,10,exploitation,97086,0.4
17,10,coop,99202,0.4
17,10,defect,48934,0.2
17,10,exploitation,96864,0.4
18,10,coop,101316,0.41
18,10,defect,46846,0.19
18,10,exploitation,96838,0.4
19,10,coop,99151,0.4
19,10,defect,48604,0.2
19,10,exploitation,97245,0.4
20,10,coop,104056,0.42
20,10,defect,44633,0.18
20,10,exploitation,96311,0.39
21,10,coop,109746,0.45
21,10,defect,39819,0.16
21,10,exploitation,95435,0.39
22,10,coop,110362,0.45
22,10,defect,39730,0.16
22,10,exploitation,94908,0.39
23,10,coop,106191,0.43
23,10,defect,42348,0.17
23,10,exploitation,96461,0.39
24,10,coop,109806,0.45
24,10,defect,39865,0.16
24,10,exploitation,95329,0.39
25,10,coop,110112,0.45
25,10,defect,39688,0.16
25,10,exploitation,95200,0.39
26,10,coop,108293,0.44
26,10,defect,41076,0.17
26,10,exploitation,95631,0.39
27,10,coop,109524,0.45
27,10,defect,39927,0.16
27,10,exploitation,95549,0.39
28,10,coop,109689,0.45
28,10,defect,40158,0.16
28,10,exploitation,95153,0.39
29,10,coop,108992,0.44
29,10,defect,40900,0.17
29,10,exploitation,95108,0.39
30,10,coop,109833,0.45
30,10,defect,39917,0.16
30,10,exploitation,95250,0.39
31,10,coop,108498,0.44
31,10,defect,40749,0.17
31,10,exploitation,95753,0.39
32,10,coop,106303,0.43
32,10,defect,41933,0.17
32,10,exploitation,96764,0.39
33,10,coop,103002,0.42
33,10,defect,44712,0.18
33,10,exploitation,97286,0.4
34,10,coop,102693,0.42
34,10,defect,44637,0.18
34,10,exploitation,97670,0.4
35,10,coop,103810,0.42
35,10,defect,44473,0.18
35,10,exploitation,96717,0.39
36,10,coop,100708,0.41
36,10,defect,46413,0.19
36,10,exploitation,97879,0.4
37,10,coop,102149,0.42
37,10,defect,45834,0.19
37,10,exploitation,97017,0.4
38,10,coop,102409,0.42
38,10,defect,45974,0.19
38,10,exploitation,96617,0.39
39,10,coop,101273,0.41
39,10,defect,46706,0.19
39,10,exploitation,97021,0.4
40,10,coop,106528,0.43
40,10,defect,42659,0.17
40,10,exploitation,95813,0.39
41,10,coop,105985,0.43
41,10,defect,42795,0.17
41,10,exploitation,96220,0.39
42,10,coop,105854,0.43
42,10,defect,42432,0.17
42,10,exploitation,96714,0.39
43,10,coop,107504,0.44
43,10,defect,41641,0.17
43,10,exploitation,95855,0.39
44,10,coop,107941,0.44
44,10,defect,42275,0.17
44,10,exploitation,94784,0.39
45,10,coop,105842,0.43
45,10,defect,42876,0.18
45,10,exploitation,96282,0.39
46,10,coop,104780,0.43
46,10,defect,43618,0.18
46,10,exploitation,96602,0.39
47,10,coop,103898,0.42
47,10,defect,44010,0.18
47,10,exploitation,97092,0.4
48,10,coop,104658,0.43
48,10,defect,43061,0.18
48,10,exploitation,97281,0.4
49,10,coop,104204,0.43
49,10,defect,43041,0.18
49,10,exploitation,97755,0.4
50,10,coop,105219,0.43
50,10,defect,42450,0.17
50,10,exploitation,97331,0.4
1,1,coop,89068,0.36
1,1,defect,58606,0.24
1,1,exploitation,97326,0.4
2,1,coop,84946,0.35
2,1,defect,61914,0.25
2,1,exploitation,98140,0.4
3,1,coop,80728,0.33
3,1,defect,66339,0.27
3,1,exploitation,97933,0.4
4,1,coop,76183,0.31
4,1,defect,70184,0.29
4,1,exploitation,98633,0.4
5,1,coop,71451,0.29
5,1,defect,75338,0.31
5,1,exploitation,98211,0.4
6,1,coop,73650,0.3
6,1,defect,72645,0.3
6,1,exploitation,98705,0.4
7,1,coop,74738,0.31
7,1,defect,72460,0.3
7,1,exploitation,97802,0.4
8,1,coop,71005,0.29
8,1,defect,75934,0.31
8,1,exploitation,98061,0.4
9,1,coop,71183,0.29
9,1,defect,75670,0.31
9,1,exploitation,98147,0.4
10,1,coop,76558,0.31
10,1,defect,70524,0.29
10,1,exploitation,97918,0.4
11,1,coop,77301,0.32
11,1,defect,69230,0.28
11,1,exploitation,98469,0.4
12,1,coop,80614,0.33
12,1,defect,66123,0.27
12,1,exploitation,98263,0.4
13,1,coop,79704,0.33
13,1,defect,67083,0.27
13,1,exploitation,98213,0.4
14,1,coop,77573,0.32
14,1,defect,69202,0.28
14,1,exploitation,98225,0.4
15,1,coop,79490,0.32
15,1,defect,66407,0.27
15,1,exploitation,99103,0.4
16,1,coop,76487,0.31
16,1,defect,69691,0.28
16,1,exploitation,98822,0.4
17,1,coop,76193,0.31
17,1,defect,69704,0.28
17,1,exploitation,99103,0.4
18,1,coop,74366,0.3
18,1,defect,72008,0.29
18,1,exploitation,98626,0.4
19,1,coop,73637,0.3
19,1,defect,72896,0.3
19,1,exploitation,98467,0.4
20,1,coop,73027,0.3
20,1,defect,72659,0.3
20,1,exploitation,99314,0.41
21,1,coop,72455,0.3
21,1,defect,72621,0.3
21,1,exploitation,99924,0.41
22,1,coop,70128,0.29
22,1,defect,76118,0.31
22,1,exploitation,98754,0.4
23,1,coop,75423,0.31
23,1,defect,70568,0.29
23,1,exploitation,99009,0.4
24,1,coop,70135,0.29
24,1,defect,75931,0.31
24,1,exploitation,98934,0.4
25,1,coop,73079,0.3
25,1,defect,72667,0.3
25,1,exploitation,99254,0.41
26,1,coop,71064,0.29
26,1,defect,75242,0.31
26,1,exploitation,98694,0.4
27,1,coop,71302,0.29
27,1,defect,74840,0.31
27,1,exploitation,98858,0.4
28,1,coop,72560,0.3
28,1,defect,72840,0.3
28,1,exploitation,99600,0.41
29,1,coop,69672,0.28
29,1,defect,75857,0.31
29,1,exploitation,99471,0.41
30,1,coop,73994,0.3
30,1,defect,72567,0.3
30,1,exploitation,98439,0.4
31,1,coop,71665,0.29
31,1,defect,74992,0.31
31,1,exploitation,98343,0.4
32,1,coop,73449,0.3
32,1,defect,73316,0.3
32,1,exploitation,98235,0.4
33,1,coop,75191,0.31
33,1,defect,71796,0.29
33,1,exploitation,98013,0.4
34,1,coop,74875,0.31
34,1,defect,73120,0.3
34,1,exploitation,97005,0.4
35,1,coop,70858,0.29
35,1,defect,76233,0.31
35,1,exploitation,97909,0.4
36,1,coop,70719,0.29
36,1,defect,76400,0.31
36,1,exploitation,97881,0.4
37,1,coop,66218,0.27
37,1,defect,81605,0.33
37,1,exploitation,97177,0.4
38,1,coop,69114,0.28
38,1,defect,78877,0.32
38,1,exploitation,97009,0.4
39,1,coop,70016,0.29
39,1,defect,78050,0.32
39,1,exploitation,96934,0.4
40,1,coop,74465,0.3
40,1,defect,72851,0.3
40,1,exploitation,97684,0.4
41,1,coop,72104,0.29
41,1,defect,74977,0.31
41,1,exploitation,97919,0.4
42,1,coop,70760,0.29
42,1,defect,75616,0.31
42,1,exploitation,98624,0.4
43,1,coop,75424,0.31
43,1,defect,70798,0.29
43,1,exploitation,98778,0.4
44,1,coop,76171,0.31
44,1,defect,70146,0.29
44,1,exploitation,98683,0.4
45,1,coop,75866,0.31
45,1,defect,70654,0.29
45,1,exploitation,98480,0.4
46,1,coop,81321,0.33
46,1,defect,65308,0.27
46,1,exploitation,98371,0.4
47,1,coop,78173,0.32
47,1,defect,67717,0.28
47,1,exploitation,99110,0.4
48,1,coop,83010,0.34
48,1,defect,63093,0.26
48,1,exploitation,98897,0.4
49,1,coop,83386,0.34
49,1,defect,63792,0.26
49,1,exploitation,97822,0.4
50,1,coop,88398,0.36
50,1,defect,58936,0.24
50,1,exploitation,97666,0.4
1,2,coop,88454,0.36
1,2,defect,58785,0.24
1,2,exploitation,97761,0.4
2,2,coop,88114,0.36
2,2,defect,58948,0.24
2,2,exploitation,97938,0.4
3,2,coop,83423,0.34
3,2,defect,63682,0.26
3,2,exploitation,97895,0.4
4,2,coop,83351,0.34
4,2,defect,63114,0.26
4,2,exploitation,98535,0.4
5,2,coop,84156,0.34
5,2,defect,61700,0.25
5,2,exploitation,99144,0.4
6,2,coop,80236,0.33
6,2,defect,65036,0.27
6,2,exploitation,99728,0.41
7,2,coop,81170,0.33
7,2,defect,63465,0.26
7,2,exploitation,100365,0.41
8,2,coop,86062,0.35
8,2,defect,58978,0.24
8,2,exploitation,99960,0.41
9,2,coop,80821,0.33
9,2,defect,63742,0.26
9,2,exploitation,100437,0.41
10,2,coop,83236,0.34
10,2,defect,61236,0.25
10,2,exploitation,100528,0.41
11,2,coop,77198,0.32
11,2,defect,65958,0.27
11,2,exploitation,101844,0.42
12,2,coop,74971,0.31
12,2,defect,68589,0.28
12,2,exploitation,101440,0.41
13,2,coop,80540,0.33
13,2,defect,63718,0.26
13,2,exploitation,100742,0.41
14,2,coop,79704,0.33
14,2,defect,63779,0.26
14,2,exploitation,101517,0.41
15,2,coop,81085,0.33
15,2,defect,63466,0.26
15,2,exploitation,100449,0.41
16,2,coop,79497,0.32
16,2,defect,65205,0.27
16,2,exploitation,100298,0.41
17,2,coop,74659,0.3
17,2,defect,70005,0.29
17,2,exploitation,100336,0.41
18,2,coop,74201,0.3
18,2,defect,70379,0.29
18,2,exploitation,100420,0.41
19,2,coop,71388,0.29
19,2,defect,73232,0.3
19,2,exploitation,100380,0.41
20,2,coop,69316,0.28
20,2,defect,75524,0.31
20,2,exploitation,100160,0.41
21,2,coop,70562,0.29
21,2,defect,74200,0.3
21,2,exploitation,100238,0.41
22,2,coop,71137,0.29
22,2,defect,72472,0.3
22,2,exploitation,101391,0.41
23,2,coop,76694,0.31
23,2,defect,67451,0.28
23,2,exploitation,100855,0.41
24,2,coop,73378,0.3
24,2,defect,70242,0.29
24,2,exploitation,101380,0.41
25,2,coop,71939,0.29
25,2,defect,70573,0.29
25,2,exploitation,102488,0.42
26,2,coop,74513,0.3
26,2,defect,68887,0.28
26,2,exploitation,101600,0.41
27,2,coop,73336,0.3
27,2,defect,71307,0.29
27,2,exploitation,100357,0.41
28,2,coop,68796,0.28
28,2,defect,76134,0.31
28,2,exploitation,100070,0.41
29,2,coop,64049,0.26
29,2,defect,81597,0.33
29,2,exploitation,99354,0.41
30,2,coop,61298,0.25
30,2,defect,83410,0.34
30,2,exploitation,100292,0.41
31,2,coop,61296,0.25
31,2,defect,84326,0.34
31,2,exploitation,99378,0.41
32,2,coop,61865,0.25
32,2,defect,84291,0.34
32,2,exploitation,98844,0.4
33,2,coop,61142,0.25
33,2,defect,84564,0.35
33,2,exploitation,99294,0.41
34,2,coop,60860,0.25
34,2,defect,84583,0.35
34,2,exploitation,99557,0.41
35,2,coop,58941,0.24
35,2,defect,87876,0.36
35,2,exploitation,98183,0.4
36,2,coop,60381,0.25
36,2,defect,85535,0.35
36,2,exploitation,99084,0.4
37,2,coop,58683,0.24
37,2,defect,88198,0.36
37,2,exploitation,98119,0.4
38,2,coop,60613,0.25
38,2,defect,85768,0.35
38,2,exploitation,98619,0.4
39,2,coop,60789,0.25
39,2,defect,85728,0.35
39,2,exploitation,98483,0.4
40,2,coop,58900,0.24
40,2,defect,88591,0.36
40,2,exploitation,97509,0.4
41,2,coop,54251,0.22
41,2,defect,94425,0.39
41,2,exploitation,96324,0.39
42,2,coop,53871,0.22
42,2,defect,94296,0.38
42,2,exploitation,96833,0.4
43,2,coop,53426,0.22
43,2,defect,94598,0.39
43,2,exploitation,96976,0.4
44,2,coop,56527,0.23
44,2,defect,91431,0.37
44,2,exploitation,97042,0.4
45,2,coop,56523,0.23
45,2,defect,91455,0.37
45,2,exploitation,97022,0.4
46,2,coop,59678,0.24
46,2,defect,87765,0.36
46,2,exploitation,97557,0.4
47,2,coop,56773,0.23
47,2,defect,90274,0.37
47,2,exploitation,97953,0.4
48,2,coop,55613,0.23
48,2,defect,93042,0.38
48,2,exploitation,96345,0.39
49,2,coop,54218,0.22
49,2,defect,94107,0.38
49,2,exploitation,96675,0.39
50,2,coop,55071,0.22
50,2,defect,93988,0.38
50,2,exploitation,95941,0.39
1,3,coop,87716,0.36
1,3,defect,59262,0.24
1,3,exploitation,98022,0.4
2,3,coop,86534,0.35
2,3,defect,60543,0.25
2,3,exploitation,97923,0.4
3,3,coop,82841,0.34
3,3,defect,63155,0.26
3,3,exploitation,99004,0.4
4,3,coop,80077,0.33
4,3,defect,66239,0.27
4,3,exploitation,98684,0.4
5,3,coop,81095,0.33
5,3,defect,65073,0.27
5,3,exploitation,98832,0.4
6,3,coop,77453,0.32
6,3,defect,68544,0.28
6,3,exploitation,99003,0.4
7,3,coop,81214,0.33
7,3,defect,65303,0.27
7,3,exploitation,98483,0.4
8,3,coop,83064,0.34
8,3,defect,63249,0.26
8,3,exploitation,98687,0.4
9,3,coop,88244,0.36
9,3,defect,58292,0.24
9,3,exploitation,98464,0.4
10,3,coop,82915,0.34
10,3,defect,63361,0.26
10,3,exploitation,98724,0.4
11,3,coop,83134,0.34
11,3,defect,61982,0.25
11,3,exploitation,99884,0.41
12,3,coop,88787,0.36
12,3,defect,57024,0.23
12,3,exploitation,99189,0.4
13,3,coop,85622,0.35
13,3,defect,59986,0.24
13,3,exploitation,99392,0.41
14,3,coop,84814,0.35
14,3,defect,61293,0.25
14,3,exploitation,98893,0.4
15,3,coop,80014,0.33
15,3,defect,66112,0.27
15,3,exploitation,98874,0.4
16,3,coop,79969,0.33
16,3,defect,66416,0.27
16,3,exploitation,98615,0.4
17,3,coop,79960,0.33
17,3,defect,65894,0.27
17,3,exploitation,99146,0.4
18,3,coop,79219,0.32
18,3,defect,67725,0.28
18,3,exploitation,98056,0.4
19,3,coop,80725,0.33
19,3,defect,66212,0.27
19,3,exploitation,98063,0.4
20,3,coop,79967,0.33
20,3,defect,66260,0.27
20,3,exploitation,98773,0.4
21,3,coop,76616,0.31
21,3,defect,68713,0.28
21,3,exploitation,99671,0.41
22,3,coop,73679,0.3
22,3,defect,71840,0.29
22,3,exploitation,99481,0.41
23,3,coop,75893,0.31
23,3,defect,69213,0.28
23,3,exploitation,99894,0.41
24,3,coop,78796,0.32
24,3,defect,67523,0.28
24,3,exploitation,98681,0.4
25,3,coop,73804,0.3
25,3,defect,72348,0.3
25,3,exploitation,98848,0.4
26,3,coop,73766,0.3
26,3,defect,72370,0.3
26,3,exploitation,98864,0.4
27,3,coop,71947,0.29
27,3,defect,74137,0.3
27,3,exploitation,98916,0.4
28,3,coop,75528,0.31
28,3,defect,71039,0.29
28,3,exploitation,98433,0.4
29,3,coop,77374,0.32
29,3,defect,68216,0.28
29,3,exploitation,99410,0.41
30,3,coop,76314,0.31
30,3,defect,68650,0.28
30,3,exploitation,100036,0.41
31,3,coop,78836,0.32
31,3,defect,66399,0.27
31,3,exploitation,99765,0.41
32,3,coop,75795,0.31
32,3,defect,69456,0.28
32,3,exploitation,99749,0.41
33,3,coop,74948,0.31
33,3,defect,70062,0.29
33,3,exploitation,99990,0.41
34,3,coop,74706,0.3
34,3,defect,70087,0.29
34,3,exploitation,100207,0.41
35,3,coop,72683,0.3
35,3,defect,72932,0.3
35,3,exploitation,99385,0.41
36,3,coop,71299,0.29
36,3,defect,73249,0.3
36,3,exploitation,100452,0.41
37,3,coop,71970,0.29
37,3,defect,72433,0.3
37,3,exploitation,100597,0.41
38,3,coop,75093,0.31
38,3,defect,69374,0.28
38,3,exploitation,100533,0.41
39,3,coop,74417,0.3
39,3,defect,70727,0.29
39,3,exploitation,99856,0.41
40,3,coop,71547,0.29
40,3,defect,74148,0.3
40,3,exploitation,99305,0.41
41,3,coop,70522,0.29
41,3,defect,74287,0.3
41,3,exploitation,100191,0.41
42,3,coop,68757,0.28
42,3,defect,76124,0.31
42,3,exploitation,100119,0.41
43,3,coop,70717,0.29
43,3,defect,74247,0.3
43,3,exploitation,100036,0.41
44,3,coop,73966,0.3
44,3,defect,71276,0.29
44,3,exploitation,99758,0.41
45,3,coop,74697,0.3
45,3,defect,71123,0.29
45,3,exploitation,99180,0.4
46,3,coop,75166,0.31
46,3,defect,70609,0.29
46,3,exploitation,99225,0.4
47,3,coop,76832,0.31
47,3,defect,68934,0.28
47,3,exploitation,99234,0.41
48,3,coop,76976,0.31
48,3,defect,69053,0.28
48,3,exploitation,98971,0.4
49,3,coop,78849,0.32
49,3,defect,66178,0.27
49,3,exploitation,99973,0.41
50,3,coop,77762,0.32
50,3,defect,68400,0.28
50,3,exploitation,98838,0.4
1,4,coop,88331,0.36
1,4,defect,59132,0.24
1,4,exploitation,97537,0.4
2,4,coop,85740,0.35
2,4,defect,60917,0.25
2,4,exploitation,98343,0.4
3,4,coop,81244,0.33
3,4,defect,65636,0.27
3,4,exploitation,98120,0.4
4,4,coop,80429,0.33
4,4,defect,65727,0.27
4,4,exploitation,98844,0.4
5,4,coop,80017,0.33
5,4,defect,65829,0.27
5,4,exploitation,99154,0.4
6,4,coop,84052,0.34
6,4,defect,63065,0.26
6,4,exploitation,97883,0.4
7,4,coop,86673,0.35
7,4,defect,60396,0.25
7,4,exploitation,97931,0.4
8,4,coop,86240,0.35
8,4,defect,60842,0.25
8,4,exploitation,97918,0.4
9,4,coop,86759,0.35
9,4,defect,60025,0.24
9,4,exploitation,98216,0.4
10,4,coop,92039,0.38
10,4,defect,55520,0.23
10,4,exploitation,97441,0.4
11,4,coop,92379,0.38
11,4,defect,55788,0.23
11,4,exploitation,96833,0.4
12,4,coop,86160,0.35
12,4,defect,60774,0.25
12,4,exploitation,98066,0.4
13,4,coop,87420,0.36
13,4,defect,60154,0.25
13,4,exploitation,97426,0.4
14,4,coop,83938,0.34
14,4,defect,63610,0.26
14,4,exploitation,97452,0.4
15,4,coop,84953,0.35
15,4,defect,62793,0.26
15,4,exploitation,97254,0.4
16,4,coop,79132,0.32
16,4,defect,67956,0.28
16,4,exploitation,97912,0.4
17,4,coop,80754,0.33
17,4,defect,65576,0.27
17,4,exploitation,98670,0.4
18,4,coop,84402,0.34
18,4,defect,62839,0.26
18,4,exploitation,97759,0.4
19,4,coop,83160,0.34
19,4,defect,63562,0.26
19,4,exploitation,98278,0.4
20,4,coop,83471,0.34
20,4,defect,63494,0.26
20,4,exploitation,98035,0.4
21,4,coop,83637,0.34
21,4,defect,63253,0.26
21,4,exploitation,98110,0.4
22,4,coop,83575,0.34
22,4,defect,63198,0.26
22,4,exploitation,98227,0.4
23,4,coop,83023,0.34
23,4,defect,62903,0.26
23,4,exploitation,99074,0.4
24,4,coop,83719,0.34
24,4,defect,63051,0.26
24,4,exploitation,98230,0.4
25,4,coop,82537,0.34
25,4,defect,63544,0.26
25,4,exploitation,98919,0.4
26,4,coop,83324,0.34
26,4,defect,62657,0.26
26,4,exploitation,99019,0.4
27,4,coop,84494,0.34
27,4,defect,61660,0.25
27,4,exploitation,98846,0.4
28,4,coop,84600,0.35
28,4,defect,61357,0.25
28,4,exploitation,99043,0.4
29,4,coop,81656,0.33
29,4,defect,63885,0.26
29,4,exploitation,99459,0.41
30,4,coop,86399,0.35
30,4,defect,59418,0.24
30,4,exploitation,99183,0.4
31,4,coop,89368,0.36
31,4,defect,57302,0.23
31,4,exploitation,98330,0.4
32,4,coop,89074,0.36
32,4,defect,57109,0.23
32,4,exploitation,98817,0.4
33,4,coop,92281,0.38
33,4,defect,54595,0.22
33,4,exploitation,98124,0.4
34,4,coop,92593,0.38
34,4,defect,54379,0.22
34,4,exploitation,98028,0.4
35,4,coop,91934,0.38
35,4,defect,54990,0.22
35,4,exploitation,98076,0.4
36,4,coop,96809,0.4
36,4,defect,51421,0.21
36,4,exploitation,96770,0.39
37,4,coop,100460,0.41
37,4,defect,48020,0.2
37,4,exploitation,96520,0.39
38,4,coop,105327,0.43
38,4,defect,43691,0.18
38,4,exploitation,95982,0.39
39,4,coop,104580,0.43
39,4,defect,45072,0.18
39,4,exploitation,95348,0.39
40,4,coop,107841,0.44
40,4,defect,42425,0.17
40,4,exploitation,94734,0.39
41,4,coop,108115,0.44
41,4,defect,41814,0.17
41,4,exploitation,95071,0.39
42,4,coop,108046,0.44
42,4,defect,42079,0.17
42,4,exploitation,94875,0.39
43,4,coop,108152,0.44
43,4,defect,41937,0.17
43,4,exploitation,94911,0.39
44,4,coop,107427,0.44
44,4,defect,42684,0.17
44,4,exploitation,94889,0.39
45,4,coop,105966,0.43
45,4,defect,43301,0.18
45,4,exploitation,95733,0.39
46,4,coop,109007,0.44
46,4,defect,40958,0.17
46,4,exploitation,95035,0.39
47,4,coop,107794,0.44
47,4,defect,42184,0.17
47,4,exploitation,95022,0.39
48,4,coop,104589,0.43
48,4,defect,44478,0.18
48,4,exploitation,95933,0.39
49,4,coop,104929,0.43
49,4,defect,44451,0.18
49,4,exploitation,95620,0.39
50,4,coop,102845,0.42
50,4,defect,46173,0.19
50,4,exploitation,95982,0.39
1,5,coop,88617,0.36
1,5,defect,58908,0.24
1,5,exploitation,97475,0.4
2,5,coop,90546,0.37
2,5,defect,57382,0.23
2,5,exploitation,97072,0.4
3,5,coop,90454,0.37
3,5,defect,57337,0.23
3,5,exploitation,97209,0.4
4,5,coop,91583,0.37
4,5,defect,55983,0.23
4,5,exploitation,97434,0.4
5,5,coop,90816,0.37
5,5,defect,56647,0.23
5,5,exploitation,97537,0.4
6,5,coop,87375,0.36
6,5,defect,59058,0.24
6,5,exploitation,98567,0.4
7,5,coop,88068,0.36
7,5,defect,57975,0.24
7,5,exploitation,98957,0.4
8,5,coop,88004,0.36
8,5,defect,58112,0.24
8,5,exploitation,98884,0.4
9,5,coop,92194,0.38
9,5,defect,54701,0.22
9,5,exploitation,98105,0.4
10,5,coop,92377,0.38
10,5,defect,54856,0.22
10,5,exploitation,97767,0.4
11,5,coop,92482,0.38
11,5,defect,54548,0.22
11,5,exploitation,97970,0.4
12,5,coop,92853,0.38
12,5,defect,54977,0.22
12,5,exploitation,97170,0.4
13,5,coop,93530,0.38
13,5,defect,54097,0.22
13,5,exploitation,97373,0.4
14,5,coop,94512,0.39
14,5,defect,53581,0.22
14,5,exploitation,96907,0.4
15,5,coop,93433,0.38
15,5,defect,54101,0.22
15,5,exploitation,97466,0.4
16,5,coop,91203,0.37
16,5,defect,56770,0.23
16,5,exploitation,97027,0.4
17,5,coop,94746,0.39
17,5,defect,54103,0.22
17,5,exploitation,96151,0.39
18,5,coop,93233,0.38
18,5,defect,55478,0.23
18,5,exploitation,96289,0.39
19,5,coop,91026,0.37
19,5,defect,57357,0.23
19,5,exploitation,96617,0.39
20,5,coop,86731,0.35
20,5,defect,61290,0.25
20,5,exploitation,96979,0.4
21,5,coop,89447,0.37
21,5,defect,58162,0.24
21,5,exploitation,97391,0.4
22,5,coop,87162,0.36
22,5,defect,60074,0.25
22,5,exploitation,97764,0.4
23,5,coop,88298,0.36
23,5,defect,58945,0.24
23,5,exploitation,97757,0.4
24,5,coop,88771,0.36
24,5,defect,58230,0.24
24,5,exploitation,97999,0.4
25,5,coop,89939,0.37
25,5,defect,57962,0.24
25,5,exploitation,97099,0.4
26,5,coop,89628,0.37
26,5,defect,58117,0.24
26,5,exploitation,97255,0.4
27,5,coop,90017,0.37
27,5,defect,57608,0.24
27,5,exploitation,97375,0.4
28,5,coop,87428,0.36
28,5,defect,59137,0.24
28,5,exploitation,98435,0.4
29,5,coop,89920,0.37
29,5,defect,58301,0.24
29,5,exploitation,96779,0.4
30,5,coop,88381,0.36
30,5,defect,59592,0.24
30,5,exploitation,97027,0.4
31,5,coop,88100,0.36
31,5,defect,59234,0.24
31,5,exploitation,97666,0.4
32,5,coop,86913,0.35
32,5,defect,60029,0.25
32,5,exploitation,98058,0.4
33,5,coop,86653,0.35
33,5,defect,61040,0.25
33,5,exploitation,97307,0.4
34,5,coop,84057,0.34
34,5,defect,63295,0.26
34,5,exploitation,97648,0.4
35,5,coop,83227,0.34
35,5,defect,63922,0.26
35,5,exploitation,97851,0.4
36,5,coop,83883,0.34
36,5,defect,63663,0.26
36,5,exploitation,97454,0.4
37,5,coop,80776,0.33
37,5,defect,66900,0.27
37,5,exploitation,97324,0.4
38,5,coop,78188,0.32
38,5,defect,69992,0.29
38,5,exploitation,96820,0.4
39,5,coop,81224,0.33
39,5,defect,66728,0.27
39,5,exploitation,97048,0.4
40,5,coop,77728,0.32
40,5,defect,69295,0.28
40,5,exploitation,97977,0.4
41,5,coop,77694,0.32
41,5,defect,69726,0.28
41,5,exploitation,97580,0.4
42,5,coop,77047,0.31
42,5,defect,69567,0.28
42,5,exploitation,98386,0.4
43,5,coop,78498,0.32
43,5,defect,68892,0.28
43,5,exploitation,97610,0.4
44,5,coop,74037,0.3
44,5,defect,74318,0.3
44,5,exploitation,96645,0.39
45,5,coop,69432,0.28
45,5,defect,77904,0.32
45,5,exploitation,97664,0.4
46,5,coop,69957,0.29
46,5,defect,77893,0.32
46,5,exploitation,97150,0.4
47,5,coop,69503,0.28
47,5,defect,77435,0.32
47,5,exploitation,98062,0.4
48,5,coop,72946,0.3
48,5,defect,73801,0.3
48,5,exploitation,98253,0.4
49,5,coop,72615,0.3
49,5,defect,74832,0.31
49,5,exploitation,97553,0.4
50,5,coop,72837,0.3
50,5,defect,75233,0.31
50,5,exploitation,96930,0.4
1,6,coop,87454,0.36
1,6,defect,58991,0.24
1,6,exploitation,98555,0.4
2,6,coop,88489,0.36
2,6,defect,58282,0.24
2,6,exploitation,98229,0.4
3,6,coop,86640,0.35
3,6,defect,60605,0.25
3,6,exploitation,97755,0.4
4,6,coop,87699,0.36
4,6,defect,59119,0.24
4,6,exploitation,98182,0.4
5,6,coop,88237,0.36
5,6,defect,59357,0.24
5,6,exploitation,97406,0.4
6,6,coop,90261,0.37
6,6,defect,57086,0.23
6,6,exploitation,97653,0.4
7,6,coop,85096,0.35
7,6,defect,61951,0.25
7,6,exploitation,97953,0.4
8,6,coop,88176,0.36
8,6,defect,59667,0.24
8,6,exploitation,97157,0.4
9,6,coop,87664,0.36
9,6,defect,60475,0.25
9,6,exploitation,96861,0.4
10,6,coop,87111,0.36
10,6,defect,60937,0.25
10,6,exploitation,96952,0.4
11,6,coop,88214,0.36
11,6,defect,59933,0.24
11,6,exploitation,96853,0.4
12,6,coop,82435,0.34
12,6,defect,64956,0.27
12,6,exploitation,97609,0.4
13,6,coop,81045,0.33
13,6,defect,67112,0.27
13,6,exploitation,96843,0.4
14,6,coop,82545,0.34
14,6,defect,66061,0.27
14,6,exploitation,96394,0.39
15,6,coop,83361,0.34
15,6,defect,65106,0.27
15,6,exploitation,96533,0.39
16,6,coop,84015,0.34
16,6,defect,65146,0.27
16,6,exploitation,95839,0.39
17,6,coop,84372,0.34
17,6,defect,64768,0.26
17,6,exploitation,95860,0.39
18,6,coop,83364,0.34
18,6,defect,66312,0.27
18,6,exploitation,95324,0.39
19,6,coop,83510,0.34
19,6,defect,66358,0.27
19,6,exploitation,95132,0.39
20,6,coop,84425,0.34
20,6,defect,64907,0.26
20,6,exploitation,95668,0.39
21,6,coop,83261,0.34
21,6,defect,65363,0.27
21,6,exploitation,96376,0.39
22,6,coop,86985,0.36
22,6,defect,61870,0.25
22,6,exploitation,96145,0.39
23,6,coop,91765,0.37
23,6,defect,57879,0.24
23,6,exploitation,95356,0.39
24,6,coop,91656,0.37
24,6,defect,57904,0.24
24,6,exploitation,95440,0.39
25,6,coop,94897,0.39
25,6,defect,55059,0.22
25,6,exploitation,95044,0.39
26,6,coop,93093,0.38
26,6,defect,56742,0.23
26,6,exploitation,95165,0.39
27,6,coop,92034,0.38
27,6,defect,57767,0.24
27,6,exploitation,95199,0.39
28,6,coop,95368,0.39
28,6,defect,53990,0.22
28,6,exploitation,95642,0.39
29,6,coop,95371,0.39
29,6,defect,54660,0.22
29,6,exploitation,94969,0.39
30,6,coop,94828,0.39
30,6,defect,54975,0.22
30,6,exploitation,95197,0.39
31,6,coop,94695,0.39
31,6,defect,55158,0.23
31,6,exploitation,95147,0.39
32,6,coop,90617,0.37
32,6,defect,58421,0.24
32,6,exploitation,95962,0.39
33,6,coop,90241,0.37
33,6,defect,59073,0.24
33,6,exploitation,95686,0.39
34,6,coop,91074,0.37
34,6,defect,57870,0.24
34,6,exploitation,96056,0.39
35,6,coop,88872,0.36
35,6,defect,59561,0.24
35,6,exploitation,96567,0.39
36,6,coop,87327,0.36
36,6,defect,60890,0.25
36,6,exploitation,96783,0.4
37,6,coop,89697,0.37
37,6,defect,59261,0.24
37,6,exploitation,96042,0.39
38,6,coop,90905,0.37
38,6,defect,57892,0.24
38,6,exploitation,96203,0.39
39,6,coop,91133,0.37
39,6,defect,57842,0.24
39,6,exploitation,96025,0.39
40,6,coop,95487,0.39
40,6,defect,54163,0.22
40,6,exploitation,95350,0.39
41,6,coop,99334,0.41
41,6,defect,50631,0.21
41,6,exploitation,95035,0.39
42,6,coop,97310,0.4
42,6,defect,52227,0.21
42,6,exploitation,95463,0.39
43,6,coop,98829,0.4
43,6,defect,50692,0.21
43,6,exploitation,95479,0.39
44,6,coop,100111,0.41
44,6,defect,50038,0.2
44,6,exploitation,94851,0.39
45,6,coop,99953,0.41
45,6,defect,50039,0.2
45,6,exploitation,95008,0.39
46,6,coop,100529,0.41
46,6,defect,49670,0.2
46,6,exploitation,94801,0.39
47,6,coop,99779,0.41
47,6,defect,50240,0.21
47,6,exploitation,94981,0.39
48,6,coop,100445,0.41
48,6,defect,49849,0.2
48,6,exploitation,94706,0.39
49,6,coop,99571,0.41
49,6,defect,49882,0.2
49,6,exploitation,95547,0.39
50,6,coop,94994,0.39
50,6,defect,54957,0.22
50,6,exploitation,95049,0.39
1,7,coop,88235,0.36
1,7,defect,58758,0.24
1,7,exploitation,98007,0.4
2,7,coop,88784,0.36
2,7,defect,58628,0.24
2,7,exploitation,97588,0.4
3,7,coop,83529,0.34
3,7,defect,63566,0.26
3,7,exploitation,97905,0.4
4,7,coop,86099,0.35
4,7,defect,60523,0.25
4,7,exploitation,98378,0.4
5,7,coop,82732,0.34
5,7,defect,63886,0.26
5,7,exploitation,98382,0.4
6,7,coop,80059,0.33
6,7,defect,66217,0.27
6,7,exploitation,98724,0.4
7,7,coop,80759,0.33
7,7,defect,65897,0.27
7,7,exploitation,98344,0.4
8,7,coop,79859,0.33
8,7,defect,66528,0.27
8,7,exploitation,98613,0.4
9,7,coop,80744,0.33
9,7,defect,66410,0.27
9,7,exploitation,97846,0.4
10,7,coop,77709,0.32
10,7,defect,69114,0.28
10,7,exploitation,98177,0.4
11,7,coop,78608,0.32
11,7,defect,68470,0.28
11,7,exploitation,97922,0.4
12,7,coop,78786,0.32
12,7,defect,67730,0.28
12,7,exploitation,98484,0.4
13,7,coop,82085,0.34
13,7,defect,65205,0.27
13,7,exploitation,97710,0.4
14,7,coop,86965,0.35
14,7,defect,60347,0.25
14,7,exploitation,97688,0.4
15,7,coop,88062,0.36
15,7,defect,59480,0.24
15,7,exploitation,97458,0.4
16,7,coop,82183,0.34
16,7,defect,65099,0.27
16,7,exploitation,97718,0.4
17,7,coop,83051,0.34
17,7,defect,63982,0.26
17,7,exploitation,97967,0.4
18,7,coop,79034,0.32
18,7,defect,67035,0.27
18,7,exploitation,98931,0.4
19,7,coop,79206,0.32
19,7,defect,67003,0.27
19,7,exploitation,98791,0.4
20,7,coop,79273,0.32
20,7,defect,67046,0.27
20,7,exploitation,98681,0.4
21,7,coop,78334,0.32
21,7,defect,67202,0.27
21,7,exploitation,99464,0.41
22,7,coop,74087,0.3
22,7,defect,72168,0.29
22,7,exploitation,98745,0.4
23,7,coop,76446,0.31
23,7,defect,69380,0.28
23,7,exploitation,99174,0.4
24,7,coop,77151,0.31
24,7,defect,69555,0.28
24,7,exploitation,98294,0.4
25,7,coop,72666,0.3
25,7,defect,72784,0.3
25,7,exploitation,99550,0.41
26,7,coop,75616,0.31
26,7,defect,69518,0.28
26,7,exploitation,99866,0.41
27,7,coop,75010,0.31
27,7,defect,70095,0.29
27,7,exploitation,99895,0.41
28,7,coop,75099,0.31
28,7,defect,70091,0.29
28,7,exploitation,99810,0.41
29,7,coop,70775,0.29
29,7,defect,74685,0.3
29,7,exploitation,99540,0.41
30,7,coop,69621,0.28
30,7,defect,76729,0.31
30,7,exploitation,98650,0.4
31,7,coop,74467,0.3
31,7,defect,71454,0.29
31,7,exploitation,99079,0.4
32,7,coop,74788,0.31
32,7,defect,70727,0.29
32,7,exploitation,99485,0.41
33,7,coop,75321,0.31
33,7,defect,70163,0.29
33,7,exploitation,99516,0.41
34,7,coop,76154,0.31
34,7,defect,69461,0.28
34,7,exploitation,99385,0.41
35,7,coop,75403,0.31
35,7,defect,70172,0.29
35,7,exploitation,99425,0.41
36,7,coop,75853,0.31
36,7,defect,69777,0.28
36,7,exploitation,99370,0.41
37,7,coop,71603,0.29
37,7,defect,73006,0.3
37,7,exploitation,100391,0.41
38,7,coop,69325,0.28
38,7,defect,76093,0.31
38,7,exploitation,99582,0.41
39,7,coop,72483,0.3
39,7,defect,72573,0.3
39,7,exploitation,99944,0.41
40,7,coop,76166,0.31
40,7,defect,69426,0.28
40,7,exploitation,99408,0.41
41,7,coop,76239,0.31
41,7,defect,69405,0.28
41,7,exploitation,99356,0.41
42,7,coop,78641,0.32
42,7,defect,66808,0.27
42,7,exploitation,99551,0.41
43,7,coop,81801,0.33
43,7,defect,64178,0.26
43,7,exploitation,99021,0.4
44,7,coop,83025,0.34
44,7,defect,62563,0.26
44,7,exploitation,99412,0.41
45,7,coop,85813,0.35
45,7,defect,59709,0.24
45,7,exploitation,99478,0.41
46,7,coop,82491,0.34
46,7,defect,62404,0.25
46,7,exploitation,100105,0.41
47,7,coop,78756,0.32
47,7,defect,65402,0.27
47,7,exploitation,100842,0.41
48,7,coop,75522,0.31
48,7,defect,68659,0.28
48,7,exploitation,100819,0.41
49,7,coop,73521,0.3
49,7,defect,70445,0.29
49,7,exploitation,101034,0.41
50,7,coop,79250,0.32
50,7,defect,65591,0.27
50,7,exploitation,100159,0.41
1,8,coop,88858,0.36
1,8,defect,59183,0.24
1,8,exploitation,96959,0.4
2,8,coop,88661,0.36
2,8,defect,58770,0.24
2,8,exploitation,97569,0.4
3,8,coop,86944,0.35
3,8,defect,60387,0.25
3,8,exploitation,97669,0.4
4,8,coop,85604,0.35
4,8,defect,61701,0.25
4,8,exploitation,97695,0.4
5,8,coop,86749,0.35
5,8,defect,61252,0.25
5,8,exploitation,96999,0.4
6,8,coop,88394,0.36
6,8,defect,60154,0.25
6,8,exploitation,96452,0.39
7,8,coop,92272,0.38
7,8,defect,56417,0.23
7,8,exploitation,96311,0.39
8,8,coop,97042,0.4
8,8,defect,52644,0.21
8,8,exploitation,95314,0.39
9,8,coop,97163,0.4
9,8,defect,52545,0.21
9,8,exploitation,95292,0.39
10,8,coop,96833,0.4
10,8,defect,52485,0.21
10,8,exploitation,95682,0.39
11,8,coop,98338,0.4
11,8,defect,52124,0.21
11,8,exploitation,94538,0.39
12,8,coop,95621,0.39
12,8,defect,54726,0.22
12,8,exploitation,94653,0.39
13,8,coop,94309,0.38
13,8,defect,55782,0.23
13,8,exploitation,94909,0.39
14,8,coop,95384,0.39
14,8,defect,53951,0.22
14,8,exploitation,95665,0.39
15,8,coop,98650,0.4
15,8,defect,51947,0.21
15,8,exploitation,94403,0.39
16,8,coop,100141,0.41
16,8,defect,50249,0.21
16,8,exploitation,94610,0.39
17,8,coop,95885,0.39
17,8,defect,53072,0.22
17,8,exploitation,96043,0.39
18,8,coop,90435,0.37
18,8,defect,58028,0.24
18,8,exploitation,96537,0.39
19,8,coop,91079,0.37
19,8,defect,58260,0.24
19,8,exploitation,95661,0.39
20,8,coop,91704,0.37
20,8,defect,57992,0.24
20,8,exploitation,95304,0.39
21,8,coop,88678,0.36
21,8,defect,60459,0.25
21,8,exploitation,95863,0.39
22,8,coop,84487,0.34
22,8,defect,63321,0.26
22,8,exploitation,97192,0.4
23,8,coop,79295,0.32
23,8,defect,68332,0.28
23,8,exploitation,97373,0.4
24,8,coop,80396,0.33
24,8,defect,67736,0.28
24,8,exploitation,96868,0.4
25,8,coop,80528,0.33
25,8,defect,67074,0.27
25,8,exploitation,97398,0.4
26,8,coop,79896,0.33
26,8,defect,67442,0.28
26,8,exploitation,97662,0.4
27,8,coop,80716,0.33
27,8,defect,67211,0.27
27,8,exploitation,97073,0.4
28,8,coop,79241,0.32
28,8,defect,69042,0.28
28,8,exploitation,96717,0.39
29,8,coop,74797,0.31
29,8,defect,74112,0.3
29,8,exploitation,96091,0.39
30,8,coop,78482,0.32
30,8,defect,70392,0.29
30,8,exploitation,96126,0.39
31,8,coop,77195,0.32
31,8,defect,72019,0.29
31,8,exploitation,95786,0.39
32,8,coop,77487,0.32
32,8,defect,72298,0.3
32,8,exploitation,95215,0.39
33,8,coop,77734,0.32
33,8,defect,71924,0.29
33,8,exploitation,95342,0.39
34,8,coop,73380,0.3
34,8,defect,75463,0.31
34,8,exploitation,96157,0.39
35,8,coop,78392,0.32
35,8,defect,70664,0.29
35,8,exploitation,95944,0.39
36,8,coop,77969,0.32
36,8,defect,70762,0.29
36,8,exploitation,96269,0.39
37,8,coop,78399,0.32
37,8,defect,69872,0.29
37,8,exploitation,96729,0.39
38,8,coop,81883,0.33
38,8,defect,66665,0.27
38,8,exploitation,96452,0.39
39,8,coop,80546,0.33
39,8,defect,68903,0.28
39,8,exploitation,95551,0.39
40,8,coop,77083,0.31
40,8,defect,71955,0.29
40,8,exploitation,95962,0.39
41,8,coop,73548,0.3
41,8,defect,75811,0.31
41,8,exploitation,95641,0.39
42,8,coop,76021,0.31
42,8,defect,73495,0.3
42,8,exploitation,95484,0.39
43,8,coop,76460,0.31
43,8,defect,72632,0.3
43,8,exploitation,95908,0.39
44,8,coop,78019,0.32
44,8,defect,72317,0.3
44,8,exploitation,94664,0.39
45,8,coop,79539,0.32
45,8,defect,71299,0.29
45,8,exploitation,94162,0.38
46,8,coop,78201,0.32
46,8,defect,71974,0.29
46,8,exploitation,94825,0.39
47,8,coop,72426,0.3
47,8,defect,77481,0.32
47,8,exploitation,95093,0.39
48,8,coop,73100,0.3
48,8,defect,77096,0.31
48,8,exploitation,94804,0.39
49,8,coop,68157,0.28
49,8,defect,82941,0.34
49,8,exploitation,93902,0.38
50,8,coop,63197,0.26
50,8,defect,87784,0.36
50,8,exploitation,94019,0.38
1,9,coop,87805,0.36
1,9,defect,59027,0.24
1,9,exploitation,98168,0.4
2,9,coop,88116,0.36
2,9,defect,59087,0.24
2,9,exploitation,97797,0.4
3,9,coop,88204,0.36
3,9,defect,58864,0.24
3,9,exploitation,97932,0.4
4,9,coop,87098,0.36
4,9,defect,59307,0.24
4,9,exploitation,98595,0.4
5,9,coop,88036,0.36
5,9,defect,58800,0.24
5,9,exploitation,98164,0.4
6,9,coop,91441,0.37
6,9,defect,55719,0.23
6,9,exploitation,97840,0.4
7,9,coop,91067,0.37
7,9,defect,57217,0.23
7,9,exploitation,96716,0.39
8,9,coop,90718,0.37
8,9,defect,57313,0.23
8,9,exploitation,96969,0.4
9,9,coop,84864,0.35
9,9,defect,62245,0.25
9,9,exploitation,97891,0.4
10,9,coop,83569,0.34
10,9,defect,63793,0.26
10,9,exploitation,97638,0.4
11,9,coop,83674,0.34
11,9,defect,63904,0.26
11,9,exploitation,97422,0.4
12,9,coop,83981,0.34
12,9,defect,63723,0.26
12,9,exploitation,97296,0.4
13,9,coop,83927,0.34
13,9,defect,63985,0.26
13,9,exploitation,97088,0.4
14,9,coop,82406,0.34
14,9,defect,65348,0.27
14,9,exploitation,97246,0.4
15,9,coop,81587,0.33
15,9,defect,66544,0.27
15,9,exploitation,96869,0.4
16,9,coop,83392,0.34
16,9,defect,64806,0.26
16,9,exploitation,96802,0.4
17,9,coop,83945,0.34
17,9,defect,64732,0.26
17,9,exploitation,96323,0.39
18,9,coop,78350,0.32
18,9,defect,69945,0.29
18,9,exploitation,96705,0.39
19,9,coop,80649,0.33
19,9,defect,68347,0.28
19,9,exploitation,96004,0.39
20,9,coop,75954,0.31
20,9,defect,72716,0.3
20,9,exploitation,96330,0.39
21,9,coop,75122,0.31
21,9,defect,73551,0.3
21,9,exploitation,96327,0.39
22,9,coop,73701,0.3
22,9,defect,74058,0.3
22,9,exploitation,97241,0.4
23,9,coop,76716,0.31
23,9,defect,72386,0.3
23,9,exploitation,95898,0.39
24,9,coop,78646,0.32
24,9,defect,69807,0.28
24,9,exploitation,96547,0.39
25,9,coop,78701,0.32
25,9,defect,69376,0.28
25,9,exploitation,96923,0.4
26,9,coop,79428,0.32
26,9,defect,68424,0.28
26,9,exploitation,97148,0.4
27,9,coop,76869,0.31
27,9,defect,70882,0.29
27,9,exploitation,97249,0.4
28,9,coop,74379,0.3
28,9,defect,74121,0.3
28,9,exploitation,96500,0.39
29,9,coop,74476,0.3
29,9,defect,74065,0.3
29,9,exploitation,96459,0.39
30,9,coop,72634,0.3
30,9,defect,75740,0.31
30,9,exploitation,96626,0.39
31,9,coop,76177,0.31
31,9,defect,71989,0.29
31,9,exploitation,96834,0.4
32,9,coop,76386,0.31
32,9,defect,71811,0.29
32,9,exploitation,96803,0.4
33,9,coop,75062,0.31
33,9,defect,72494,0.3
33,9,exploitation,97444,0.4
34,9,coop,73029,0.3
34,9,defect,74997,0.31
34,9,exploitation,96974,0.4
35,9,coop,69275,0.28
35,9,defect,78153,0.32
35,9,exploitation,97572,0.4
36,9,coop,70469,0.29
36,9,defect,76752,0.31
36,9,exploitation,97779,0.4
37,9,coop,73702,0.3
37,9,defect,73777,0.3
37,9,exploitation,97521,0.4
38,9,coop,75702,0.31
38,9,defect,71794,0.29
38,9,exploitation,97504,0.4
39,9,coop,72721,0.3
39,9,defect,74155,0.3
39,9,exploitation,98124,0.4
40,9,coop,72096,0.29
40,9,defect,73983,0.3
40,9,exploitation,98921,0.4
41,9,coop,70156,0.29
41,9,defect,76434,0.31
41,9,exploitation,98410,0.4
42,9,coop,73858,0.3
42,9,defect,73031,0.3
42,9,exploitation,98111,0.4
43,9,coop,71177,0.29
43,9,defect,76253,0.31
43,9,exploitation,97570,0.4
44,9,coop,73305,0.3
44,9,defect,73903,0.3
44,9,exploitation,97792,0.4
45,9,coop,73424,0.3
45,9,defect,73950,0.3
45,9,exploitation,97626,0.4
46,9,coop,76415,0.31
46,9,defect,70542,0.29
46,9,exploitation,98043,0.4
47,9,coop,79138,0.32
47,9,defect,68382,0.28
47,9,exploitation,97480,0.4
48,9,coop,82180,0.34
48,9,defect,65448,0.27
48,9,exploitation,97372,0.4
49,9,coop,79485,0.32
49,9,defect,68698,0.28
49,9,exploitation,96817,0.4
50,9,coop,75438,0.31
50,9,defect,72076,0.29
50,9,exploitation,97486,0.4
